{
    "normals":[0,0,1,-0,0,1,-0,0,1,0,1e-06,1,0,1e-06,1,0,-0,-1,0,-1e-06,-1,0,-1e-06,-1,-0,-1e-06,-1,-1e-06,-1e-06,-1,0.997859,-0.065403,0,0.130526,0.991445,-0,0.462913,0.886404,-0,0.97838,-0.206816,0,0.95071,-0.310082,0,-0.042308,-0.999105,-0,-0.382683,-0.92388,-0,0,0,1,-0,-0,-1,0,0,-1,0,0,-1,0.83147,-0.55557,-0,0.608761,0.793353,-0,0.844096,0.536192,-0,0.743894,-0.668298,-0,0.668298,-0.743894,-0,-0.536192,-0.844096,-0,-0.793353,-0.608761,-0,-0,0,1,0.896873,-0.442288,-0,-0,0,-1,0.442288,-0.896873,-0,0.92388,0.382683,-0,0.999105,0.042308,-0,0.310081,-0.95071,-0,0.206816,-0.97838,-0,-0.886404,-0.462913,-0,-0.991445,-0.130526,-0,0.55557,-0.83147,-0,-0.065403,-0.997859,-0,0.991445,-0.130526,-0,0.886404,-0.462913,-0,-0.206816,-0.97838,-0,-0.310081,-0.95071,-0,-0.999105,0.042308,-0,-0.92388,0.382683,-0,0.065403,-0.997859,-0,0,-0,1,-0.55557,-0.83147,-0,0.793353,-0.608761,-0,0.536192,-0.844096,-0,-0.668298,-0.743894,-0,-0.743894,-0.668298,-0,-0.844096,0.536192,-0,-0.608761,0.793353,-0,-0.442288,-0.896873,-0,0,0,1,0,0,1,-0,1e-06,1,-0,1e-06,1,-0,-1e-06,-1,-0,-1e-06,-1,0,-1e-06,-1,1e-06,-1e-06,-1,-0.896873,-0.442288,-0,0.382683,-0.92388,-0,0.042308,-0.999105,-0,-0.95071,-0.310082,0,-0.97838,-0.206816,0,-0.462913,0.886404,-0,-0.130526,0.991445,-0,-0.83147,-0.55557,-0,0,-0,1,-0.997859,0.065403,-0,-0.130526,-0.991445,0,-0.462913,-0.886404,0,-0.97838,0.206816,-0,-0.95071,0.310081,-0,0.042308,0.999105,-0,0.382683,0.92388,-0,-0.997859,-0.065403,0,-0,-0,1,-0.83147,0.55557,-0,-0.608761,-0.793353,-0,-0.844096,-0.536192,-0,-0.743894,0.668298,-0,-0.668298,0.743894,-0,0.536192,0.844096,-0,0.793353,0.608761,-0,-0.896873,0.442288,-0,-0,0,1,-0.442288,0.896873,-0,-0.92388,-0.382683,-0,-0.999105,-0.042308,-0,-0.310081,0.95071,-0,-0.206816,0.97838,-0,0.886404,0.462913,-0,0.991445,0.130526,-0,-0.55557,0.83147,-0,0.065403,0.997859,-0,-0.991445,0.130526,-0,-0.886404,0.462913,-0,0.206816,0.97838,-0,0.310081,0.95071,-0,0.999105,-0.042308,-0,0.92388,-0.382683,-0,-0.065403,0.997859,-0,0.55557,0.83147,-0,-0.793353,0.608761,-0,-0.536192,0.844096,-0,0.668298,0.743894,-0,0.743894,0.668298,-0,0.844096,-0.536192,-0,0.608761,-0.793353,-0,0.442288,0.896873,-0,0.896873,0.442288,-0,-0.382683,0.92388,-0,-0.042308,0.999105,-0,0.95071,0.310081,-0,0.97838,0.206816,-0,0.462913,-0.886404,0,0.130526,-0.991445,0,0.83147,0.55557,-0,0.997859,0.065403,-0],
    "name":"GearGeometry",
    "faces":[33,4,0,1,5,0,0,0,0,33,5,1,2,6,1,1,1,1,33,6,2,3,7,2,2,2,2,33,8,5,6,9,3,3,3,3,33,9,6,7,10,0,0,0,0,33,11,8,9,12,4,4,4,4,33,12,9,10,13,0,0,0,0,33,14,18,19,15,5,5,5,5,33,15,19,20,16,6,6,6,6,33,16,20,21,17,7,7,7,7,33,19,22,23,20,8,8,8,8,33,20,23,24,21,5,5,5,5,33,22,25,26,23,9,9,9,9,33,23,26,27,24,5,5,5,5,33,18,4,5,19,10,10,10,10,33,19,5,8,22,11,11,11,11,33,22,8,11,25,12,12,12,12,33,25,11,12,26,13,13,13,13,33,26,12,13,27,14,14,14,14,33,27,13,10,24,15,15,15,15,33,24,10,7,21,16,16,16,16,33,32,28,29,33,0,0,0,0,33,33,29,30,34,0,0,0,0,33,34,30,31,35,0,0,0,0,33,36,33,34,37,17,17,17,17,33,37,34,35,38,0,0,0,0,33,39,36,37,40,0,0,0,0,33,40,37,38,41,0,0,0,0,33,42,46,47,43,5,5,5,5,33,43,47,48,44,18,18,18,18,33,44,48,49,45,18,18,18,18,33,47,50,51,48,19,19,19,19,33,48,51,52,49,20,20,20,20,33,50,53,54,51,20,20,20,20,33,51,54,55,52,20,20,20,20,33,46,32,33,47,21,21,21,21,33,47,33,36,50,22,22,22,22,33,50,36,39,53,23,23,23,23,33,53,39,40,54,24,24,24,24,33,54,40,41,55,25,25,25,25,33,55,41,38,52,26,26,26,26,33,52,38,35,49,27,27,27,27,33,3,28,32,7,28,28,28,28,33,7,32,46,21,29,29,29,29,33,21,46,42,17,30,30,30,30,33,60,56,57,61,0,0,0,0,33,61,57,58,62,0,0,0,0,33,62,58,59,63,0,0,0,0,33,64,61,62,65,0,0,0,0,33,65,62,63,66,0,0,0,0,33,67,64,65,68,0,0,0,0,33,68,65,66,69,0,0,0,0,33,70,74,75,71,30,30,30,30,33,71,75,76,72,30,30,30,30,33,72,76,77,73,30,30,30,30,33,75,78,79,76,30,30,30,30,33,76,79,80,77,30,30,30,30,33,78,81,82,79,30,30,30,30,33,79,82,83,80,30,30,30,30,33,74,60,61,75,31,31,31,31,33,75,61,64,78,32,32,32,32,33,78,64,67,81,33,33,33,33,33,81,67,68,82,34,34,34,34,33,82,68,69,83,35,35,35,35,33,83,69,66,80,36,36,36,36,33,80,66,63,77,37,37,37,37,33,31,56,60,35,0,0,0,0,33,35,60,74,49,38,38,38,38,33,49,74,70,45,20,20,20,20,33,88,84,85,89,0,0,0,0,33,89,85,86,90,0,0,0,0,33,90,86,87,91,0,0,0,0,33,92,89,90,93,0,0,0,0,33,93,90,91,94,0,0,0,0,33,95,92,93,96,0,0,0,0,33,96,93,94,97,0,0,0,0,33,98,102,103,99,30,30,30,30,33,99,103,104,100,30,30,30,30,33,100,104,105,101,30,30,30,30,33,103,106,107,104,30,30,30,30,33,104,107,108,105,30,30,30,30,33,106,109,110,107,30,30,30,30,33,107,110,111,108,30,30,30,30,33,102,88,89,103,39,39,39,39,33,103,89,92,106,40,40,40,40,33,106,92,95,109,41,41,41,41,33,109,95,96,110,42,42,42,42,33,110,96,97,111,43,43,43,43,33,111,97,94,108,44,44,44,44,33,108,94,91,105,45,45,45,45,33,59,84,88,63,0,0,0,0,33,63,88,102,77,46,46,46,46,33,77,102,98,73,20,20,20,20,33,116,112,113,117,0,0,0,0,33,117,113,114,118,47,47,47,47,33,118,114,115,119,47,47,47,47,33,120,117,118,121,0,0,0,0,33,121,118,119,122,0,0,0,0,33,123,120,121,124,0,0,0,0,33,124,121,122,125,0,0,0,0,33,126,130,131,127,30,30,30,30,33,127,131,132,128,30,30,30,30,33,128,132,133,129,30,30,30,30,33,131,134,135,132,20,20,20,20,33,132,135,136,133,20,20,20,20,33,134,137,138,135,20,20,20,20,33,135,138,139,136,20,20,20,20,33,130,116,117,131,48,48,48,48,33,131,117,120,134,49,49,49,49,33,134,120,123,137,50,50,50,50,33,137,123,124,138,51,51,51,51,33,138,124,125,139,52,52,52,52,33,139,125,122,136,53,53,53,53,33,136,122,119,133,54,54,54,54,33,87,112,116,91,0,0,0,0,33,91,116,130,105,55,55,55,55,33,105,130,126,101,20,20,20,20,33,144,140,141,145,47,47,47,47,33,145,141,142,146,56,56,56,56,33,146,142,143,147,57,57,57,57,33,148,145,146,149,47,47,47,47,33,149,146,147,150,58,58,58,58,33,151,148,149,152,47,47,47,47,33,152,149,150,153,59,59,59,59,33,154,158,159,155,20,20,20,20,33,155,159,160,156,60,60,60,60,33,156,160,161,157,61,61,61,61,33,159,162,163,160,20,20,20,20,33,160,163,164,161,62,62,62,62,33,162,165,166,163,20,20,20,20,33,163,166,167,164,63,63,63,63,33,158,144,145,159,64,64,64,64,33,159,145,148,162,65,65,65,65,33,162,148,151,165,66,66,66,66,33,165,151,152,166,67,67,67,67,33,166,152,153,167,68,68,68,68,33,167,153,150,164,69,69,69,69,33,164,150,147,161,70,70,70,70,33,115,140,144,119,0,0,0,0,33,119,144,158,133,71,71,71,71,33,133,158,154,129,20,20,20,20,33,172,168,169,173,47,47,47,47,33,173,169,170,174,47,47,47,47,33,174,170,171,175,72,72,72,72,33,176,173,174,177,47,47,47,47,33,177,174,175,178,47,47,47,47,33,179,176,177,180,47,47,47,47,33,180,177,178,181,47,47,47,47,33,182,186,187,183,20,20,20,20,33,183,187,188,184,20,20,20,20,33,184,188,189,185,20,20,20,20,33,187,190,191,188,20,20,20,20,33,188,191,192,189,20,20,20,20,33,190,193,194,191,20,20,20,20,33,191,194,195,192,20,20,20,20,33,186,172,173,187,73,73,73,73,33,187,173,176,190,74,74,74,74,33,190,176,179,193,75,75,75,75,33,193,179,180,194,76,76,76,76,33,194,180,181,195,77,77,77,77,33,195,181,178,192,78,78,78,78,33,192,178,175,189,79,79,79,79,33,143,168,172,147,0,0,0,0,33,147,172,186,161,80,80,80,80,33,161,186,182,157,20,20,20,20,33,200,196,197,201,47,47,47,47,33,201,197,198,202,81,81,81,81,33,202,198,199,203,81,81,81,81,33,204,201,202,205,0,0,0,0,33,205,202,203,206,17,17,17,17,33,207,204,205,208,0,0,0,0,33,208,205,206,209,0,0,0,0,33,210,214,215,211,20,20,20,20,33,211,215,216,212,20,20,20,20,33,212,216,217,213,20,20,20,20,33,215,218,219,216,20,20,20,20,33,216,219,220,217,19,19,19,19,33,218,221,222,219,20,20,20,20,33,219,222,223,220,20,20,20,20,33,214,200,201,215,82,82,82,82,33,215,201,204,218,83,83,83,83,33,218,204,207,221,84,84,84,84,33,221,207,208,222,85,85,85,85,33,222,208,209,223,86,86,86,86,33,223,209,206,220,87,87,87,87,33,220,206,203,217,88,88,88,88,33,171,196,200,175,0,0,0,0,33,175,200,214,189,89,89,89,89,33,189,214,210,185,20,20,20,20,33,228,224,225,229,90,90,90,90,33,229,225,226,230,28,28,28,28,33,230,226,227,231,28,28,28,28,33,232,229,230,233,28,28,28,28,33,233,230,231,234,28,28,28,28,33,235,232,233,236,28,28,28,28,33,236,233,234,237,28,28,28,28,33,238,242,243,239,19,19,19,19,33,239,243,244,240,20,20,20,20,33,240,244,245,241,20,20,20,20,33,243,