{
    "normals":[-1,0,-0,-0.999969,0,-0,0,-1,-0,1,0,-0,0.999969,0,-0,0,1,-0,0,0,1,0,0,-1,0.999969,0.00235,-0,-0.001282,0.999969,-0,-0.999969,-0.00235,-0,0.001282,-0.999969,-0,0.96939,-0.226722,-0.093936,-0.926298,-0.351878,-0.134648,-0.671621,0.030824,-0.740226,0.671712,0.03882,-0.739769,0.746208,-0.535722,0.395123,-0.734581,-0.598895,0.318796,0.00058,-0.933775,-0.35783,0,0.00116,0.999969,0.999634,0.025788,0.005188,-0.997681,-0.066012,-0.015656,-0.79046,0.607654,-0.076601,0.668203,0.737571,-0.097079,0.461592,0.726676,-0.508744,-0.462905,0.725089,-0.509812,-0.745262,0.537461,0.394513,0.73571,0.597156,0.319559,0,0.933683,-0.358013,0,-0.00116,0.999969,-0.999695,-0.023408,0.005188,0.997833,0.063509,-0.015625],
    "metadata":{
        "normals":32,
        "uvs":0,
        "version":3,
        "generator":"io_three",
        "faces":108,
        "type":"Geometry",
        "vertices":298
    },
    "faces":[33,0,170,134,136,0,0,1,0,33,1,4,160,135,2,2,2,2,33,166,6,161,159,3,3,3,4,33,171,144,137,162,5,5,5,5,33,3,2,5,7,6,6,6,6,33,6,166,141,151,3,3,3,3,33,151,141,10,163,3,3,4,3,33,170,0,146,155,0,0,0,1,33,144,171,152,148,5,5,5,5,33,4,1,158,8,2,2,2,2,33,11,173,133,149,7,7,7,7,33,145,150,16,17,5,5,5,5,33,151,163,164,153,3,3,3,3,33,156,132,129,168,0,0,0,1,33,124,154,165,126,5,5,5,5,33,11,149,127,18,7,7,7,7,33,147,9,19,125,6,6,6,6,33,15,12,22,23,0,0,0,0,33,143,169,128,130,2,2,2,2,33,133,173,131,20,7,7,7,7,33,140,13,21,142,6,6,6,6,33,10,141,24,25,4,3,4,3,33,17,16,26,172,5,5,5,5,33,150,14,28,16,5,5,5,5,33,14,157,29,28,5,5,5,5,33,157,145,17,29,5,5,5,5,33,167,27,138,139,1,0,0,0,33,29,17,172,30,5,5,5,5,33,28,29,30,31,5,5,5,5,33,16,28,31,26,5,5,5,5,33,32,190,180,182,8,8,8,8,33,33,36,193,181,9,9,9,9,33,200,38,194,192,10,10,10,10,33,217,218,183,195,11,11,11,11,33,35,34,37,39,6,6,6,6,33,38,200,187,41,10,10,10,10,33,186,42,214,188,9,9,9,9,33,190,32,45,191,8,8,12,8,33,218,217,219,45,11,11,13,12,33,36,33,42,186,9,9,9,9,33,46,189,213,47,14,7,7,15,33,219,40,44,46,13,10,10,14,33,191,45,47,43,8,12,15,8,33,45,47,46,219,12,15,14,13,33,219,45,48,49,13,12,16,17,33,46,47,178,198,14,15,18,18,33,49,199,179,48,17,19,19,16,33,50,47,45,48,20,15,12,16,33,49,219,46,51,17,13,14,21,33,211,196,174,176,0,0,0,0,33,53,56,206,175,2,2,2,2,33,212,203,207,205,3,3,3,3,33,58,52,177,208,5,5,5,5,33,55,54,57,59,6,6,6,6,33,203,212,216,61,3,3,3,3,33,215,62,201,209,2,2,2,2,33,196,211,65,197,0,0,22,0,33,52,58,204,65,5,5,23,22,33,56,53,62,215,2,2,2,2,33,66,210,202,67,24,7,7,25,33,204,60,64,66,23,3,4,24,33,197,65,67,63,0,22,25,1,33,65,204,66,67,22,23,24,25,33,204,65,68,69,23,22,26,27,33,66,67,185,220,24,25,28,28,33,69,221,184,68,27,29,29,26,33,70,67,65,68,30,25,22,26,33,69,204,66,71,27,23,24,31,33,72,275,226,228,0,0,1,0,33,73,76,249,227,2,2,2,2,33,229,234,250,248,3,3,3,4,33,262,223,257,254,7,7,7,7,33,75,74,77,79,6,6,6,6,33,234,229,230,236,3,3,3,3,33,236,230,86,80,3,3,4,3,33,275,72,238,259,0,0,0,0,33,231,233,235,237,5,5,5,5,33,76,73,88,84,2,2,2,2,33,81,238,242,258,0,0,0,1,33,259,238,81,260,0,0,0,1,33,239,225,245,268,0,0,0,1,33,84,88,90,280,2,2,2,2,33,222,261,264,224,5,5,5,5,33,280,90,96,97,2,2,2,2,33,267,225,239,240,0,0,0,0,33,263,270,271,281,3,3,3,3,33,80,86,270,263,3,4,3,3,33,260,81,225,267,1,0,0,0,33,91,100,272,241,7,7,7,7,33,97,96,98,99,2,2,2,2,33,278,252,265,273,5,5,5,5,33,244,246,276,269,5,5,5,5,33,243,255,253,82,5,5,5,5,33,78,232,251,279,7,7,7,7,33,92,95,247,93,6,6,6,6,33,72,228,266,102,0,0,0,0,33,263,281,277,105,3,3,4,3,33,100,91,94,106,7,7,7,7,33,75,79,274,103,6,6,6,6,33,250,234,101,104,3,3,3,3,33,236,80,83,256,3,3,4,3,33,87,85,107,89,6,6,6,6,33,293,297,283,289,0,1,0,0,33,296,286,284,282,2,2,2,2,33,287,295,291,285,4,3,3,3,33,294,292,288,290,5,5,5,5,33,119,118,121,123,6,6,6,6,33,122,120,117,116,7,7,7,7],
    "uvs":[],
    "name":"Cube_Cube.001Geometry",
    "vertices":[-0.982632,1.99999,-2.93581,-0.982632,1.99999,-4.93581,-0.982632,-9e-06,-4.93581,-0.982632,-1e-05,-2.93581,1.00102,1.99999,-4.93581,1.00102,-9e-06,-4.93581,1.00102,1.99999,-2.93581,1.00102,-1e-05,-2.93581,1.00102,3.92243,-4.93581,1.00102,3.92243,-2.93581,1.00102,5.74702,-4.93581,1.00102,5.74702,-2.93581,-0.982632,3.92243,-2.93581,-0.982632,3.92243,-4.93581,-0.982632,5.74702,-4.93581,-0.982632,5.74702,-2.93581,-0.982632,5.74702,-2.93581,-0.982632,3.92243,-2.93581,1.00102,5.74702,-0.894147,1.00102,3.92243,-0.894148,-0.982632,5.74702,-6.97522,-0.982632,3.92243,-6.97522,-0.982632,3.92243,-0.894148,-0.982632,5.74702,-0.894147,1.00102,3.92243,-6.97522,1.00102,5.74702,-6.97522,-0.982632,5.74702,-2.93581,-0.982632,3.92243,-2.93581,-0.982632,5.74702,-4.93581,-0.982632,3.92243,-4.93581,-0.982632,3.92243,-4.93581,-0.982632,5.74702,-4.93581,0.883052,2.03264,8.30948,0.879561,2.03264,9.77961,0.879561,0.017467,9.77961,0.883052,0.017467,8.30948,-1.12044,2.03264,9.77704,-1.12044,0.017467,9.77704,-1.11695,2.03264,8.30691,-1.11695,0.017467,8.30691,-1.12044,3.68668,9.77704,-1.11695,3.68668,8.30691,0.879561,3.68668,9.77961,0.879561,5.68302,9.77961,-1.12044,5.68302,9.77705,0.883052,3.68668,8.30948,-1.11695,5.68302,8.30691,0.883052,5.68302,8.30948,0.891581,0.018101,6.83522,-1.10842,0.018101,6.83265,0.91999,0.017275,6.13705,-1.03104,0.017275,6.13705,-1,2.03263,3.96454,-1,2.03263,2.49441,-1,0.017462,2.49441,-1,0.017462,3.96454,1,2.03263,2.49441,1,0.017462,2.49441,1,2.03263,3.96454,1,0.017462,3.96454,1,3.68667,2.49441,1,3.68667,3.96455,-1,3.68667,2.49441,-1,5.68301,2.49441,1,5.68301,2.49441,-1,3.68667,3.96455,1,5.68301,3.96455,-1,5.68301,3.96455,-1.00503,0.018094,5.43881,0.994971,0.018094,5.43881,-1.03178,0.017269,6.13705,0.919248,0.01726,6.13705,-1,1.17702,12.4892,-1,1.17702,10.4892,-1,0.036878,10.4892,-1,0.036878,12.4892,1,1.17702,10.4892,1,0.036878,10.4892,1,1.17702,12.4892,1,0.036878,12.4892,1,3.50755,12.4892,-1,3.50755,12.4892,-1,3.50755,14.3812,1,3.50755,14.3812,1,2.41858,10.4892,1,2.41858,12.4892,1,3.50755,10.4892,-1,2.41858,12.4892,-1,2.41858,10.4892,-1,2.41858,14.3812,-1,3.50755,10.4892,-1,5.63023,12.4892,-1,4.6158,12.4892,-1,4.6158,14.3812,-1,5.63023,14.3812,1,4.6158,12.4892,-1,4.6158,10.4892,1,4.6158,10.4892,-1,5.63023,10.4892,1,5.63023,10.4892,1,5.63023,12.4892,1,1.17702,14.3812,-1,1.17702,14.3812,-1,0.036877,14.3812,1,0.036877,14.3812,1,4.6158,14.3812,1,5.63023,14.3812,1,2.41858,14.3812,1,6.46312,12.4892,1,6.46312,12.4892,-1,6.46312,12.4892,-1,6.46312,12.4892,1,6.46312,10.4892,1,6.46312,10.4892,-1,6.46312,10.4892,-1,6.46312,10.4892,-1,5.67969,1.80912,-1,5.67969,-0.190882,-1,0.027556,-0.190883,-1,0.027556,1.80912,1,5.67969,-0.190882,1,0.027556,-0.190883,1,5.67969,1.80912,1,0.027556,1.80912,-0.982632,3.92243,-0.894148,-0.982632,3.92243,-0.894148,-0.982632,5.74702,-0.894147,-0.982632,5.74702,-0.894147,-0.982632,5.74702,-6.97522,-0.982632,5.74702,-6.97522,1.00102,5.74702,-6.97522,1.00102,5.74702,-6.97522,-0.982632,5.74702,-4.93581,-0.982632,5.74702,-4.93581,-0.982632,-9e-06,-4.93581,-0.982632,-9e-06,-4.93581,-0.982632,-1e-05,-2.93581,-0.982632,-1e-05,-2.93581,-0.982632,5.74702,-2.93581,-0.982632,5.74702,-4.93581,1.00102,3.92243,-4.93581,1.00102,3.92243,-4.93581,1.00102,3.92243,-6.97522,1.00102,3.92243,-6.97522,-0.982632,1.99999,-2.93581,-0.982632,3.92243,-2.93581,-0.982632,3.92243,-2.93581,-0.982632,3.92243,-2.93581,-0.982632,3.92243,-2.93581,-0.982632,5.74702,-2.93581,-0.982632,5.74702,-2.93581,1.00102,3.92243,-2.93581,1.00102,3.92243,-2.93581,1.00102,3.92243,-0.894148,1.00102,3.92243,-0.894148,-0.982632,3.92243,-4.93581,-0.982632,3.92243,-4.93581,-0.982632,3.92243,-4.93581,-0.982632,3.92243,-4.93581,1.00102,-9e-06,-4.93581,1.00102,-9e-06,-4.93581,1.00102,-1e-05,-2.93581,1.00102,-1e-05,-2.93581,1.00102,5.74702,-2.93581,1.00102,5.74702,-0.894147,1.00102,5.74702,-0.894147,1.00102,1.99999,-4.93581,-0.982632,3.92243,-4.93581,-0.982632,3.92243,-6.97522,-0.982632,3.92243,-6.97522,-0.982632,1.99999,-4.93581,1.00102,1.99999,-2.93581,-0.982632,3.92243,-2.93581,1.00102,5.74702,-4.93581,-1,0.017462,2.49441,-1,0.017462,2.49441,-1,0.017462,3.96454,-1,0.017462,3.96454,0.91999,0.017275,6.13705,0.91999,0.017275,6.13705,0.879561,0.017467,9.77961,0.879561,0.017467,